"","Formal_Nam","month","objectid","sumArea","Key_Dam","coords","category","label"
"1","Bourne 240",2016 Dec,"484",0,"Y","173°7.8 E, 42°36.6 S","increasing","Bourne 240 (Key dam): 173°7.8 E, 42°36.6 S"
"2","Bourne 240",2017 Jan,"484",0,"Y","173°7.8 E, 42°36.6 S","increasing","Bourne 240 (Key dam): 173°7.8 E, 42°36.6 S"
"3","Bourne 240",2017 Feb,"484",0,"Y","173°7.8 E, 42°36.6 S","increasing","Bourne 240 (Key dam): 173°7.8 E, 42°36.6 S"
"4","Bourne 240",2017 Mar,"484",NA,"Y","173°7.8 E, 42°36.6 S","increasing","Bourne 240 (Key dam): 173°7.8 E, 42°36.6 S"
"5","Bourne 240",2017 Apr,"484",NA,"Y","173°7.8 E, 42°36.6 S","increasing","Bourne 240 (Key dam): 173°7.8 E, 42°36.6 S"
"6","Bourne 240",2017 May,"484",NA,"Y","173°7.8 E, 42°36.6 S","increasing","Bourne 240 (Key dam): 173°7.8 E, 42°36.6 S"
"7","Bourne 240",2017 Jun,"484",NA,"Y","173°7.8 E, 42°36.6 S","increasing","Bourne 240 (Key dam): 173°7.8 E, 42°36.6 S"
"8","Bourne 240",2017 Jul,"484",NA,"Y","173°7.8 E, 42°36.6 S","increasing","Bourne 240 (Key dam): 173°7.8 E, 42°36.6 S"
"9","Bourne 240",2017 Aug,"484",NA,"Y","173°7.8 E, 42°36.6 S","increasing","Bourne 240 (Key dam): 173°7.8 E, 42°36.6 S"
"10","Bourne 240",2017 Sep,"484",NA,"Y","173°7.8 E, 42°36.6 S","increasing","Bourne 240 (Key dam): 173°7.8 E, 42°36.6 S"
"11","Bourne 240",2017 Oct,"484",0.8091235,"Y","173°7.8 E, 42°36.6 S","increasing","Bourne 240 (Key dam): 173°7.8 E, 42°36.6 S"
"12","Bourne 240",2017 Nov,"484",0.6399419,"Y","173°7.8 E, 42°36.6 S","increasing","Bourne 240 (Key dam): 173°7.8 E, 42°36.6 S"
"13","Bourne 240",2017 Dec,"484",0.6325867,"Y","173°7.8 E, 42°36.6 S","increasing","Bourne 240 (Key dam): 173°7.8 E, 42°36.6 S"
"14","Bourne 240",2018 Jan,"484",1.029796,"Y","173°7.8 E, 42°36.6 S","increasing","Bourne 240 (Key dam): 173°7.8 E, 42°36.6 S"
"15","Bourne 240",2018 Feb,"484",0.9415275,"Y","173°7.8 E, 42°36.6 S","increasing","Bourne 240 (Key dam): 173°7.8 E, 42°36.6 S"
"16","Bourne 240",2018 Mar,"484",0.7870562,"Y","173°7.8 E, 42°36.6 S","increasing","Bourne 240 (Key dam): 173°7.8 E, 42°36.6 S"
"17","Bourne 240",2018 Apr,"484",NA,"Y","173°7.8 E, 42°36.6 S","increasing","Bourne 240 (Key dam): 173°7.8 E, 42°36.6 S"
"18","Bourne 240",2018 May,"484",NA,"Y","173°7.8 E, 42°36.6 S","increasing","Bourne 240 (Key dam): 173°7.8 E, 42°36.6 S"
"19","Bourne 240",2018 Jun,"484",NA,"Y","173°7.8 E, 42°36.6 S","increasing","Bourne 240 (Key dam): 173°7.8 E, 42°36.6 S"
"20","Bourne 240",2018 Jul,"484",NA,"Y","173°7.8 E, 42°36.6 S","increasing","Bourne 240 (Key dam): 173°7.8 E, 42°36.6 S"
"21","Bourne 240",2018 Aug,"484",NA,"Y","173°7.8 E, 42°36.6 S","increasing","Bourne 240 (Key dam): 173°7.8 E, 42°36.6 S"
"22","Bourne 240",2018 Sep,"484",NA,"Y","173°7.8 E, 42°36.6 S","increasing","Bourne 240 (Key dam): 173°7.8 E, 42°36.6 S"
"23","Bourne 240",2018 Oct,"484",0.5810967,"Y","173°7.8 E, 42°36.6 S","increasing","Bourne 240 (Key dam): 173°7.8 E, 42°36.6 S"
"24","Bourne 240",2018 Nov,"484",0.9783059,"Y","173°7.8 E, 42°36.6 S","increasing","Bourne 240 (Key dam): 173°7.8 E, 42°36.6 S"
"25","Bourne 240",2018 Dec,"484",NA,"Y","173°7.8 E, 42°36.6 S","increasing","Bourne 240 (Key dam): 173°7.8 E, 42°36.6 S"
"26","Bourne 240",2019 Jan,"484",1.3460911,"Y","173°7.8 E, 42°36.6 S","increasing","Bourne 240 (Key dam): 173°7.8 E, 42°36.6 S"
"27","Bourne 240",2019 Feb,"484",0.7429231,"Y","173°7.8 E, 42°36.6 S","increasing","Bourne 240 (Key dam): 173°7.8 E, 42°36.6 S"
"28","Bourne 240",2019 Mar,"484",0.6252312,"Y","173°7.8 E, 42°36.6 S","increasing","Bourne 240 (Key dam): 173°7.8 E, 42°36.6 S"
"29","Bourne 240",2019 Apr,"484",NA,"Y","173°7.8 E, 42°36.6 S","increasing","Bourne 240 (Key dam): 173°7.8 E, 42°36.6 S"
"30","Bourne 240",2019 May,"484",NA,"Y","173°7.8 E, 42°36.6 S","increasing","Bourne 240 (Key dam): 173°7.8 E, 42°36.6 S"
"31","Bourne 240",2019 Jun,"484",NA,"Y","173°7.8 E, 42°36.6 S","increasing","Bourne 240 (Key dam): 173°7.8 E, 42°36.6 S"
"32","Bourne 240",2019 Jul,"484",NA,"Y","173°7.8 E, 42°36.6 S","increasing","Bourne 240 (Key dam): 173°7.8 E, 42°36.6 S"
"33","Bourne 240",2019 Aug,"484",NA,"Y","173°7.8 E, 42°36.6 S","increasing","Bourne 240 (Key dam): 173°7.8 E, 42°36.6 S"
"34","Bourne 240",2019 Sep,"484",NA,"Y","173°7.8 E, 42°36.6 S","increasing","Bourne 240 (Key dam): 173°7.8 E, 42°36.6 S"
"35","Bourne 240",2019 Oct,"484",NA,"Y","173°7.8 E, 42°36.6 S","increasing","Bourne 240 (Key dam): 173°7.8 E, 42°36.6 S"
"36","Bourne 240",2019 Nov,"484",NA,"Y","173°7.8 E, 42°36.6 S","increasing","Bourne 240 (Key dam): 173°7.8 E, 42°36.6 S"
"37","Bourne 240",2019 Dec,"484",NA,"Y","173°7.8 E, 42°36.6 S","increasing","Bourne 240 (Key dam): 173°7.8 E, 42°36.6 S"
"38","Bourne 240",2020 Jan,"484",1.1621998,"Y","173°7.8 E, 42°36.6 S","increasing","Bourne 240 (Key dam): 173°7.8 E, 42°36.6 S"
"39","Bourne 240",2020 Feb,"484",1.2872464,"Y","173°7.8 E, 42°36.6 S","increasing","Bourne 240 (Key dam): 173°7.8 E, 42°36.6 S"
"40","Bourne 240",2020 Mar,"484",0.9488841,"Y","173°7.8 E, 42°36.6 S","increasing","Bourne 240 (Key dam): 173°7.8 E, 42°36.6 S"
"41","Conway 420",2016 Dec,"499",0.9370448,"Y","173°15.6 E, 42°25.2 S","variable","Conway 420 (Key dam): 173°15.6 E, 42°25.2 S"
"42","Conway 420",2017 Jan,"499",0.29513,"Y","173°15.6 E, 42°25.2 S","variable","Conway 420 (Key dam): 173°15.6 E, 42°25.2 S"
"43","Conway 420",2017 Feb,"499",0.3689184,"Y","173°15.6 E, 42°25.2 S","variable","Conway 420 (Key dam): 173°15.6 E, 42°25.2 S"
"44","Conway 420",2017 Mar,"499",NA,"Y","173°15.6 E, 42°25.2 S","variable","Conway 420 (Key dam): 173°15.6 E, 42°25.2 S"
"45","Conway 420",2017 Apr,"499",NA,"Y","173°15.6 E, 42°25.2 S","variable","Conway 420 (Key dam): 173°15.6 E, 42°25.2 S"
"46","Conway 420",2017 May,"499",NA,"Y","173°15.6 E, 42°25.2 S","variable","Conway 420 (Key dam): 173°15.6 E, 42°25.2 S"
"47","Conway 420",2017 Jun,"499",NA,"Y","173°15.6 E, 42°25.2 S","variable","Conway 420 (Key dam): 173°15.6 E, 42°25.2 S"
"48","Conway 420",2017 Jul,"499",NA,"Y","173°15.6 E, 42°25.2 S","variable","Conway 420 (Key dam): 173°15.6 E, 42°25.2 S"
"49","Conway 420",2017 Aug,"499",NA,"Y","173°15.6 E, 42°25.2 S","variable","Conway 420 (Key dam): 173°15.6 E, 42°25.2 S"
"50","Conway 420",2017 Sep,"499",NA,"Y","173°15.6 E, 42°25.2 S","variable","Conway 420 (Key dam): 173°15.6 E, 42°25.2 S"
"51","Conway 420",2017 Oct,"499",0,"Y","173°15.6 E, 42°25.2 S","variable","Conway 420 (Key dam): 173°15.6 E, 42°25.2 S"
"52","Conway 420",2017 Nov,"499",0.0885388,"Y","173°15.6 E, 42°25.2 S","variable","Conway 420 (Key dam): 173°15.6 E, 42°25.2 S"
"53","Conway 420",2017 Dec,"499",0,"Y","173°15.6 E, 42°25.2 S","variable","Conway 420 (Key dam): 173°15.6 E, 42°25.2 S"
"54","Conway 420",2018 Jan,"499",0.0442695,"Y","173°15.6 E, 42°25.2 S","variable","Conway 420 (Key dam): 173°15.6 E, 42°25.2 S"
"55","Conway 420",2018 Feb,"499",0.0811606,"Y","173°15.6 E, 42°25.2 S","variable","Conway 420 (Key dam): 173°15.6 E, 42°25.2 S"
"56","Conway 420",2018 Mar,"499",0.6640489,"Y","173°15.6 E, 42°25.2 S","variable","Conway 420 (Key dam): 173°15.6 E, 42°25.2 S"
"57","Conway 420",2018 Apr,"499",NA,"Y","173°15.6 E, 42°25.2 S","variable","Conway 420 (Key dam): 173°15.6 E, 42°25.2 S"
"58","Conway 420",2018 May,"499",NA,"Y","173°15.6 E, 42°25.2 S","variable","Conway 420 (Key dam): 173°15.6 E, 42°25.2 S"
"59","Conway 420",2018 Jun,"499",NA,"Y","173°15.6 E, 42°25.2 S","variable","Conway 420 (Key dam): 173°15.6 E, 42°25.2 S"
"60","Conway 420",2018 Jul,"499",NA,"Y","173°15.6 E, 42°25.2 S","variable","Conway 420 (Key dam): 173°15.6 E, 42°25.2 S"
"61","Conway 420",2018 Aug,"499",NA,"Y","173°15.6 E, 42°25.2 S","variable","Conway 420 (Key dam): 173°15.6 E, 42°25.2 S"
"62","Conway 420",2018 Sep,"499",NA,"Y","173°15.6 E, 42°25.2 S","variable","Conway 420 (Key dam): 173°15.6 E, 42°25.2 S"
"63","Conway 420",2018 Oct,"499",0.125435,"Y","173°15.6 E, 42°25.2 S","variable","Conway 420 (Key dam): 173°15.6 E, 42°25.2 S"
"64","Conway 420",2018 Nov,"499",0,"Y","173°15.6 E, 42°25.2 S","variable","Conway 420 (Key dam): 173°15.6 E, 42°25.2 S"
"65","Conway 420",2018 Dec,"499",NA,"Y","173°15.6 E, 42°25.2 S","variable","Conway 420 (Key dam): 173°15.6 E, 42°25.2 S"
"66","Conway 420",2019 Jan,"499",0,"Y","173°15.6 E, 42°25.2 S","variable","Conway 420 (Key dam): 173°15.6 E, 42°25.2 S"
"67","Conway 420",2019 Feb,"499",0.1180549,"Y","173°15.6 E, 42°25.2 S","variable","Conway 420 (Key dam): 173°15.6 E, 42°25.2 S"
"68","Conway 420",2019 Mar,"499",0.4058087,"Y","173°15.6 E, 42°25.2 S","variable","Conway 420 (Key dam): 173°15.6 E, 42°25.2 S"
"69","Conway 420",2019 Apr,"499",NA,"Y","173°15.6 E, 42°25.2 S","variable","Conway 420 (Key dam): 173°15.6 E, 42°25.2 S"
"70","Conway 420",2019 May,"499",NA,"Y","173°15.6 E, 42°25.2 S","variable","Conway 420 (Key dam): 173°15.6 E, 42°25.2 S"
"71","Conway 420",2019 Jun,"499",NA,"Y","173°15.6 E, 42°25.2 S","variable","Conway 420 (Key dam): 173°15.6 E, 42°25.2 S"
"72","Conway 420",2019 Jul,"499",NA,"Y","173°15.6 E, 42°25.2 S","variable","Conway 420 (Key dam): 173°15.6 E, 42°25.2 S"
"73","Conway 420",2019 Aug,"499",NA,"Y","173°15.6 E, 42°25.2 S","variable","Conway 420 (Key dam): 173°15.6 E, 42°25.2 S"
"74","Conway 420",2019 Sep,"499",NA,"Y","173°15.6 E, 42°25.2 S","variable","Conway 420 (Key dam): 173°15.6 E, 42°25.2 S"
"75","Conway 420",2019 Oct,"499",NA,"Y","173°15.6 E, 42°25.2 S","variable","Conway 420 (Key dam): 173°15.6 E, 42°25.2 S"
"76","Conway 420",2019 Nov,"499",NA,"Y","173°15.6 E, 42°25.2 S","variable","Conway 420 (Key dam): 173°15.6 E, 42°25.2 S"
"77","Conway 420",2019 Dec,"499",NA,"Y","173°15.6 E, 42°25.2 S","variable","Conway 420 (Key dam): 173°15.6 E, 42°25.2 S"
"78","Conway 420",2020 Jan,"499",0,"Y","173°15.6 E, 42°25.2 S","variable","Conway 420 (Key dam): 173°15.6 E, 42°25.2 S"
"79","Conway 420",2020 Feb,"499",0,"Y","173°15.6 E, 42°25.2 S","variable","Conway 420 (Key dam): 173°15.6 E, 42°25.2 S"
"80","Conway 420",2020 Mar,"499",0.4279441,"Y","173°15.6 E, 42°25.2 S","variable","Conway 420 (Key dam): 173°15.6 E, 42°25.2 S"
"81","Hapuku 740",2016 Dec,"516",7.1466269,"Y","173°40.2 E, 42°14.4 S","decreasing","Hapuku 740 (Key dam): 173°40.2 E, 42°14.4 S"
"82","Hapuku 740",2017 Jan,"516",6.6657454,"Y","173°40.2 E, 42°14.4 S","decreasing","Hapuku 740 (Key dam): 173°40.2 E, 42°14.4 S"
"83","Hapuku 740",2017 Feb,"516",6.4142079,"Y","173°40.2 E, 42°14.4 S","decreasing","Hapuku 740 (Key dam): 173°40.2 E, 42°14.4 S"
"84","Hapuku 740",2017 Mar,"516",NA,"Y","173°40.2 E, 42°14.4 S","decreasing","Hapuku 740 (Key dam): 173°40.2 E, 42°14.4 S"
"85","Hapuku 740",2017 Apr,"516",NA,"Y","173°40.2 E, 42°14.4 S","decreasing","Hapuku 740 (Key dam): 173°40.2 E, 42°14.4 S"
"86","Hapuku 740",2017 May,"516",NA,"Y","173°40.2 E, 42°14.4 S","decreasing","Hapuku 740 (Key dam): 173°40.2 E, 42°14.4 S"
"87","Hapuku 740",2017 Jun,"516",NA,"Y","173°40.2 E, 42°14.4 S","decreasing","Hapuku 740 (Key dam): 173°40.2 E, 42°14.4 S"
"88","Hapuku 740",2017 Jul,"516",NA,"Y","173°40.2 E, 42°14.4 S","decreasing","Hapuku 740 (Key dam): 173°40.2 E, 42°14.4 S"
"89","Hapuku 740",2017 Aug,"516",NA,"Y","173°40.2 E, 42°14.4 S","decreasing","Hapuku 740 (Key dam): 173°40.2 E, 42°14.4 S"
"90","Hapuku 740",2017 Sep,"516",NA,"Y","173°40.2 E, 42°14.4 S","decreasing","Hapuku 740 (Key dam): 173°40.2 E, 42°14.4 S"
"91","Hapuku 740",2017 Oct,"516",4.9197799,"Y","173°40.2 E, 42°14.4 S","decreasing","Hapuku 740 (Key dam): 173°40.2 E, 42°14.4 S"
"92","Hapuku 740",2017 Nov,"516",4.8236012,"Y","173°40.2 E, 42°14.4 S","decreasing","Hapuku 740 (Key dam): 173°40.2 E, 42°14.4 S"
"93","Hapuku 740",2017 Dec,"516",4.8827855,"Y","173°40.2 E, 42°14.4 S","decreasing","Hapuku 740 (Key dam): 173°40.2 E, 42°14.4 S"
"94","Hapuku 740",2018 Jan,"516",5.1639188,"Y","173°40.2 E, 42°14.4 S","decreasing","Hapuku 740 (Key dam): 173°40.2 E, 42°14.4 S"
"95","Hapuku 740",2018 Feb,"516",5.5560251,"Y","173°40.2 E, 42°14.4 S","decreasing","Hapuku 740 (Key dam): 173°40.2 E, 42°14.4 S"
"96","Hapuku 740",2018 Mar,"516",5.1195301,"Y","173°40.2 E, 42°14.4 S","decreasing","Hapuku 740 (Key dam): 173°40.2 E, 42°14.4 S"
"97","Hapuku 740",2018 Apr,"516",NA,"Y","173°40.2 E, 42°14.4 S","decreasing","Hapuku 740 (Key dam): 173°40.2 E, 42°14.4 S"
"98","Hapuku 740",2018 May,"516",NA,"Y","173°40.2 E, 42°14.4 S","decreasing","Hapuku 740 (Key dam): 173°40.2 E, 42°14.4 S"
"99","Hapuku 740",2018 Jun,"516",NA,"Y","173°40.2 E, 42°14.4 S","decreasing","Hapuku 740 (Key dam): 173°40.2 E, 42°14.4 S"
"100","Hapuku 740",2018 Jul,"516",NA,"Y","173°40.2 E, 42°14.4 S","decreasing","Hapuku 740 (Key dam): 173°40.2 E, 42°14.4 S"
"101","Hapuku 740",2018 Aug,"516",NA,"Y","173°40.2 E, 42°14.4 S","decreasing","Hapuku 740 (Key dam): 173°40.2 E, 42°14.4 S"
"102","Hapuku 740",2018 Sep,"516",NA,"Y","173°40.2 E, 42°14.4 S","decreasing","Hapuku 740 (Key dam): 173°40.2 E, 42°14.4 S"
"103","Hapuku 740",2018 Oct,"516",4.7348261,"Y","173°40.2 E, 42°14.4 S","decreasing","Hapuku 740 (Key dam): 173°40.2 E, 42°14.4 S"
"104","Hapuku 740",2018 Nov,"516",4.7200265,"Y","173°40.2 E, 42°14.4 S","decreasing","Hapuku 740 (Key dam): 173°40.2 E, 42°14.4 S"
"105","Hapuku 740",2018 Dec,"516",NA,"Y","173°40.2 E, 42°14.4 S","decreasing","Hapuku 740 (Key dam): 173°40.2 E, 42°14.4 S"
"106","Hapuku 740",2019 Jan,"516",0.9617631,"Y","173°40.2 E, 42°14.4 S","decreasing","Hapuku 740 (Key dam): 173°40.2 E, 42°14.4 S"
"107","Hapuku 740",2019 Feb,"516",1.0431439,"Y","173°40.2 E, 42°14.4 S","decreasing","Hapuku 740 (Key dam): 173°40.2 E, 42°14.4 S"
"108","Hapuku 740",2019 Mar,"516",1.5166311,"Y","173°40.2 E, 42°14.4 S","decreasing","Hapuku 740 (Key dam): 173°40.2 E, 42°14.4 S"
"109","Hapuku 740",2019 Apr,"516",NA,"Y","173°40.2 E, 42°14.4 S","decreasing","Hapuku 740 (Key dam): 173°40.2 E, 42°14.4 S"
"110","Hapuku 740",2019 May,"516",NA,"Y","173°40.2 E, 42°14.4 S","decreasing","Hapuku 740 (Key dam): 173°40.2 E, 42°14.4 S"
"111","Hapuku 740",2019 Jun,"516",NA,"Y","173°40.2 E, 42°14.4 S","decreasing","Hapuku 740 (Key dam): 173°40.2 E, 42°14.4 S"
"112","Hapuku 740",2019 Jul,"516",NA,"Y","173°40.2 E, 42°14.4 S","decreasing","Hapuku 740 (Key dam): 173°40.2 E, 42°14.4 S"
"113","Hapuku 740",2019 Aug,"516",NA,"Y","173°40.2 E, 42°14.4 S","decreasing","Hapuku 740 (Key dam): 173°40.2 E, 42°14.4 S"
"114","Hapuku 740",2019 Sep,"516",NA,"Y","173°40.2 E, 42°14.4 S","decreasing","Hapuku 740 (Key dam): 173°40.2 E, 42°14.4 S"
"115","Hapuku 740",2019 Oct,"516",NA,"Y","173°40.2 E, 42°14.4 S","decreasing","Hapuku 740 (Key dam): 173°40.2 E, 42°14.4 S"
"116","Hapuku 740",2019 Nov,"516",NA,"Y","173°40.2 E, 42°14.4 S","decreasing","Hapuku 740 (Key dam): 173°40.2 E, 42°14.4 S"
"117","Hapuku 740",2019 Dec,"516",NA,"Y","173°40.2 E, 42°14.4 S","decreasing","Hapuku 740 (Key dam): 173°40.2 E, 42°14.4 S"
"118","Hapuku 740",2020 Jan,"516",1.0209487,"Y","173°40.2 E, 42°14.4 S","decreasing","Hapuku 740 (Key dam): 173°40.2 E, 42°14.4 S"
"119","Hapuku 740",2020 Feb,"516",1.3168766,"Y","173°40.2 E, 42°14.4 S","decreasing","Hapuku 740 (Key dam): 173°40.2 E, 42°14.4 S"
"120","Hapuku 740",2020 Mar,"516",1.6350025,"Y","173°40.2 E, 42°14.4 S","decreasing","Hapuku 740 (Key dam): 173°40.2 E, 42°14.4 S"
"121","Leader 220",2016 Dec,"528",9.4777473,"Y","173°13.2 E, 42°35.4 S","constant","Leader 220 (Key dam): 173°13.2 E, 42°35.4 S"
"122","Leader 220",2017 Jan,"528",10.2356686,"Y","173°13.2 E, 42°35.4 S","constant","Leader 220 (Key dam): 173°13.2 E, 42°35.4 S"
"123","Leader 220",2017 Feb,"528",7.0935924,"Y","173°13.2 E, 42°35.4 S","constant","Leader 220 (Key dam): 173°13.2 E, 42°35.4 S"
"124","Leader 220",2017 Mar,"528",NA,"Y","173°13.2 E, 42°35.4 S","constant","Leader 220 (Key dam): 173°13.2 E, 42°35.4 S"
"125","Leader 220",2017 Apr,"528",NA,"Y","173°13.2 E, 42°35.4 S","constant","Leader 220 (Key dam): 173°13.2 E, 42°35.4 S"
"126","Leader 220",2017 May,"528",NA,"Y","173°13.2 E, 42°35.4 S","constant","Leader 220 (Key dam): 173°13.2 E, 42°35.4 S"
"127","Leader 220",2017 Jun,"528",NA,"Y","173°13.2 E, 42°35.4 S","constant","Leader 220 (Key dam): 173°13.2 E, 42°35.4 S"
"128","Leader 220",2017 Jul,"528",NA,"Y","173°13.2 E, 42°35.4 S","constant","Leader 220 (Key dam): 173°13.2 E, 42°35.4 S"
"129","Leader 220",2017 Aug,"528",NA,"Y","173°13.2 E, 42°35.4 S","constant","Leader 220 (Key dam): 173°13.2 E, 42°35.4 S"
"130","Leader 220",2017 Sep,"528",NA,"Y","173°13.2 E, 42°35.4 S","constant","Leader 220 (Key dam): 173°13.2 E, 42°35.4 S"
"131","Leader 220",2017 Oct,"528",9.190766,"Y","173°13.2 E, 42°35.4 S","constant","Leader 220 (Key dam): 173°13.2 E, 42°35.4 S"
"132","Leader 220",2017 Nov,"528",8.0133956,"Y","173°13.2 E, 42°35.4 S","constant","Leader 220 (Key dam): 173°13.2 E, 42°35.4 S"
"133","Leader 220",2017 Dec,"528",7.7264106,"Y","173°13.2 E, 42°35.4 S","constant","Leader 220 (Key dam): 173°13.2 E, 42°35.4 S"
"134","Leader 220",2018 Jan,"528",8.5947222,"Y","173°13.2 E, 42°35.4 S","constant","Leader 220 (Key dam): 173°13.2 E, 42°35.4 S"
"135","Leader 220",2018 Feb,"528",9.9560499,"Y","173°13.2 E, 42°35.4 S","constant","Leader 220 (Key dam): 173°13.2 E, 42°35.4 S"
"136","Leader 220",2018 Mar,"528",8.6830222,"Y","173°13.2 E, 42°35.4 S","constant","Leader 220 (Key dam): 173°13.2 E, 42°35.4 S"
"137","Leader 220",2018 Apr,"528",NA,"Y","173°13.2 E, 42°35.4 S","constant","Leader 220 (Key dam): 173°13.2 E, 42°35.4 S"
"138","Leader 220",2018 May,"528",NA,"Y","173°13.2 E, 42°35.4 S","constant","Leader 220 (Key dam): 173°13.2 E, 42°35.4 S"
"139","Leader 220",2018 Jun,"528",NA,"Y","173°13.2 E, 42°35.4 S","constant","Leader 220 (Key dam): 173°13.2 E, 42°35.4 S"
"140","Leader 220",2018 Jul,"528",NA,"Y","173°13.2 E, 42°35.4 S","constant","Leader 220 (Key dam): 173°13.2 E, 42°35.4 S"
"141","Leader 220",2018 Aug,"528",NA,"Y","173°13.2 E, 42°35.4 S","constant","Leader 220 (Key dam): 173°13.2 E, 42°35.4 S"
"142","Leader 220",2018 Sep,"528",NA,"Y","173°13.2 E, 42°35.4 S","constant","Leader 220 (Key dam): 173°13.2 E, 42°35.4 S"
"143","Leader 220",2018 Oct,"528",8.0796245,"Y","173°13.2 E, 42°35.4 S","constant","Leader 220 (Key dam): 173°13.2 E, 42°35.4 S"
"144","Leader 220",2018 Nov,"528",10.1915216,"Y","173°13.2 E, 42°35.4 S","constant","Leader 220 (Key dam): 173°13.2 E, 42°35.4 S"
"145","Leader 220",2018 Dec,"528",NA,"Y","173°13.2 E, 42°35.4 S","constant","Leader 220 (Key dam): 173°13.2 E, 42°35.4 S"
"146","Leader 220",2019 Jan,"528",8.7860373,"Y","173°13.2 E, 42°35.4 S","constant","Leader 220 (Key dam): 173°13.2 E, 42°35.4 S"
"147","Leader 220",2019 Feb,"528",8.6977453,"Y","173°13.2 E, 42°35.4 S","constant","Leader 220 (Key dam): 173°13.2 E, 42°35.4 S"
"148","Leader 220",2019 Mar,"528",8.5652846,"Y","173°13.2 E, 42°35.4 S","constant","Leader 220 (Key dam): 173°13.2 E, 42°35.4 S"
"149","Leader 220",2019 Apr,"528",NA,"Y","173°13.2 E, 42°35.4 S","constant","Leader 220 (Key dam): 173°13.2 E, 42°35.4 S"
"150","Leader 220",2019 May,"528",NA,"Y","173°13.2 E, 42°35.4 S","constant","Leader 220 (Key dam): 173°13.2 E, 42°35.4 S"
"151","Leader 220",2019 Jun,"528",NA,"Y","173°13.2 E, 42°35.4 S","constant","Leader 220 (Key dam): 173°13.2 E, 42°35.4 S"
"152","Leader 220",2019 Jul,"528",NA,"Y","173°13.2 E, 42°35.4 S","constant","Leader 220 (Key dam): 173°13.2 E, 42°35.4 S"
"153","Leader 220",2019 Aug,"528",NA,"Y","173°13.2 E, 42°35.4 S","constant","Leader 220 (Key dam): 173°13.2 E, 42°35.4 S"
"154","Leader 220",2019 Sep,"528",NA,"Y","173°13.2 E, 42°35.4 S","constant","Leader 220 (Key dam): 173°13.2 E, 42°35.4 S"
"155","Leader 220",2019 Oct,"528",NA,"Y","173°13.2 E, 42°35.4 S","constant","Leader 220 (Key dam): 173°13.2 E, 42°35.4 S"
"156","Leader 220",2019 Nov,"528",NA,"Y","173°13.2 E, 42°35.4 S","constant","Leader 220 (Key dam): 173°13.2 E, 42°35.4 S"
"157","Leader 220",2019 Dec,"528",NA,"Y","173°13.2 E, 42°35.4 S","constant","Leader 220 (Key dam): 173°13.2 E, 42°35.4 S"
"158","Leader 220",2020 Jan,"528",8.9847281,"Y","173°13.2 E, 42°35.4 S","constant","Leader 220 (Key dam): 173°13.2 E, 42°35.4 S"
"159","Leader 220",2020 Feb,"528",9.4115264,"Y","173°13.2 E, 42°35.4 S","constant","Leader 220 (Key dam): 173°13.2 E, 42°35.4 S"
"160","Leader 220",2020 Mar,"528",9.1907617,"Y","173°13.2 E, 42°35.4 S","constant","Leader 220 (Key dam): 173°13.2 E, 42°35.4 S"
"161","Leader Left Trib 260",2016 Dec,"534",0.1987652,"Y","173°16.2 E, 42°33.6 S","variable","Leader Left Trib 260 (Key dam): 173°16.2 E, 42°33.6 S"
"162","Leader Left Trib 260",2017 Jan,"534",0.04417,"Y","173°16.2 E, 42°33.6 S","variable","Leader Left Trib 260 (Key dam): 173°16.2 E, 42°33.6 S"
"163","Leader Left Trib 260",2017 Feb,"534",0.04417,"Y","173°16.2 E, 42°33.6 S","variable","Leader Left Trib 260 (Key dam): 173°16.2 E, 42°33.6 S"
"164","Leader Left Trib 260",2017 Mar,"534",NA,"Y","173°16.2 E, 42°33.6 S","variable","Leader Left Trib 260 (Key dam): 173°16.2 E, 42°33.6 S"
"165","Leader Left Trib 260",2017 Apr,"534",NA,"Y","173°16.2 E, 42°33.6 S","variable","Leader Left Trib 260 (Key dam): 173°16.2 E, 42°33.6 S"
"166","Leader Left Trib 260",2017 May,"534",NA,"Y","173°16.2 E, 42°33.6 S","variable","Leader Left Trib 260 (Key dam): 173°16.2 E, 42°33.6 S"
"167","Leader Left Trib 260",2017 Jun,"534",NA,"Y","173°16.2 E, 42°33.6 S","variable","Leader Left Trib 260 (Key dam): 173°16.2 E, 42°33.6 S"
"168","Leader Left Trib 260",2017 Jul,"534",NA,"Y","173°16.2 E, 42°33.6 S","variable","Leader Left Trib 260 (Key dam): 173°16.2 E, 42°33.6 S"
"169","Leader Left Trib 260",2017 Aug,"534",NA,"Y","173°16.2 E, 42°33.6 S","variable","Leader Left Trib 260 (Key dam): 173°16.2 E, 42°33.6 S"
"170","Leader Left Trib 260",2017 Sep,"534",NA,"Y","173°16.2 E, 42°33.6 S","variable","Leader Left Trib 260 (Key dam): 173°16.2 E, 42°33.6 S"
"171","Leader Left Trib 260",2017 Oct,"534",0.3386365,"Y","173°16.2 E, 42°33.6 S","variable","Leader Left Trib 260 (Key dam): 173°16.2 E, 42°33.6 S"
"172","Leader Left Trib 260",2017 Nov,"534",0.2134884,"Y","173°16.2 E, 42°33.6 S","variable","Leader Left Trib 260 (Key dam): 173°16.2 E, 42°33.6 S"
"173","Leader Left Trib 260",2017 Dec,"534",0.1619565,"Y","173°16.2 E, 42°33.6 S","variable","Leader Left Trib 260 (Key dam): 173°16.2 E, 42°33.6 S"
"174","Leader Left Trib 260",2018 Jan,"534",0.3975299,"Y","173°16.2 E, 42°33.6 S","variable","Leader Left Trib 260 (Key dam): 173°16.2 E, 42°33.6 S"
"175","Leader Left Trib 260",2018 Feb,"534",0.3975301,"Y","173°16.2 E, 42°33.6 S","variable","Leader Left Trib 260 (Key dam): 173°16.2 E, 42°33.6 S"
"176","Leader Left Trib 260",2018 Mar,"534",0.3828066,"Y","173°16.2 E, 42°33.6 S","variable","Leader Left Trib 260 (Key dam): 173°16.2 E, 42°33.6 S"
"177","Leader Left Trib 260",2018 Apr,"534",NA,"Y","173°16.2 E, 42°33.6 S","variable","Leader Left Trib 260 (Key dam): 173°16.2 E, 42°33.6 S"
"178","Leader Left Trib 260",2018 May,"534",NA,"Y","173°16.2 E, 42°33.6 S","variable","Leader Left Trib 260 (Key dam): 173°16.2 E, 42°33.6 S"
"179","Leader Left Trib 260",2018 Jun,"534",NA,"Y","173°16.2 E, 42°33.6 S","variable","Leader Left Trib 260 (Key dam): 173°16.2 E, 42°33.6 S"
"180","Leader Left Trib 260",2018 Jul,"534",NA,"Y","173°16.2 E, 42°33.6 S","variable","Leader Left Trib 260 (Key dam): 173°16.2 E, 42°33.6 S"
"181","Leader Left Trib 260",2018 Aug,"534",NA,"Y","173°16.2 E, 42°33.6 S","variable","Leader Left Trib 260 (Key dam): 173°16.2 E, 42°33.6 S"
"182","Leader Left Trib 260",2018 Sep,"534",NA,"Y","173°16.2 E, 42°33.6 S","variable","Leader Left Trib 260 (Key dam): 173°16.2 E, 42°33.6 S"
"183","Leader Left Trib 260",2018 Oct,"534",0.2797432,"Y","173°16.2 E, 42°33.6 S","variable","Leader Left Trib 260 (Key dam): 173°16.2 E, 42°33.6 S"
"184","Leader Left Trib 260",2018 Nov,"534",0.4711465,"Y","173°16.2 E, 42°33.6 S","variable","Leader Left Trib 260 (Key dam): 173°16.2 E, 42°33.6 S"
"185","Leader Left Trib 260",2018 Dec,"534",NA,"Y","173°16.2 E, 42°33.6 S","variable","Leader Left Trib 260 (Key dam): 173°16.2 E, 42°33.6 S"
"186","Leader Left Trib 260",2019 Jan,"534",0.1619565,"Y","173°16.2 E, 42°33.6 S","variable","Leader Left Trib 260 (Key dam): 173°16.2 E, 42°33.6 S"
"187","Leader Left Trib 260",2019 Feb,"534",0.2208502,"Y","173°16.2 E, 42°33.6 S","variable","Leader Left Trib 260 (Key dam): 173°16.2 E, 42°33.6 S"
"188","Leader Left Trib 260",2019 Mar,"534",0.1840418,"Y","173°16.2 E, 42°33.6 S","variable","Leader Left Trib 260 (Key dam): 173°16.2 E, 42°33.6 S"
"189","Leader Left Trib 260",2019 Apr,"534",NA,"Y","173°16.2 E, 42°33.6 S","variable","Leader Left Trib 260 (Key dam): 173°16.2 E, 42°33.6 S"
"190","Leader Left Trib 260",2019 May,"534",NA,"Y","173°16.2 E, 42°33.6 S","variable","Leader Left Trib 260 (Key dam): 173°16.2 E, 42°33.6 S"
"191","Leader Left Trib 260",2019 Jun,"534",NA,"Y","173°16.2 E, 42°33.6 S","variable","Leader Left Trib 260 (Key dam): 173°16.2 E, 42°33.6 S"
"192","Leader Left Trib 260",2019 Jul,"534",NA,"Y","173°16.2 E, 42°33.6 S","variable","Leader Left Trib 260 (Key dam): 173°16.2 E, 42°33.6 S"
"193","Leader Left Trib 260",2019 Aug,"534",NA,"Y","173°16.2 E, 42°33.6 S","variable","Leader Left Trib 260 (Key dam): 173°16.2 E, 42°33.6 S"
"194","Leader Left Trib 260",2019 Sep,"534",NA,"Y","173°16.2 E, 42°33.6 S","variable","Leader Left Trib 260 (Key dam): 173°16.2 E, 42°33.6 S"
"195","Leader Left Trib 260",2019 Oct,"534",NA,"Y","173°16.2 E, 42°33.6 S","variable","Leader Left Trib 260 (Key dam): 173°16.2 E, 42°33.6 S"
"196","Leader Left Trib 260",2019 Nov,"534",NA,"Y","173°16.2 E, 42°33.6 S","variable","Leader Left Trib 260 (Key dam): 173°16.2 E, 42°33.6 S"
"197","Leader Left Trib 260",2019 Dec,"534",NA,"Y","173°16.2 E, 42°33.6 S","variable","Leader Left Trib 260 (Key dam): 173°16.2 E, 42°33.6 S"
"198","Leader Left Trib 260",2020 Jan,"534",0.1251485,"Y","173°16.2 E, 42°33.6 S","variable","Leader Left Trib 260 (Key dam): 173°16.2 E, 42°33.6 S"
"199","Leader Left Trib 260",2020 Feb,"534",0.1398719,"Y","173°16.2 E, 42°33.6 S","variable","Leader Left Trib 260 (Key dam): 173°16.2 E, 42°33.6 S"
"200","Leader Left Trib 260",2020 Mar,"534",0.2282121,"Y","173°16.2 E, 42°33.6 S","variable","Leader Left Trib 260 (Key dam): 173°16.2 E, 42°33.6 S"
"201","Leader Left Trib 290",2016 Dec,"536",0,"N","173°15.6 E, 42°33 S","variable","Leader Left Trib 290: 173°15.6 E, 42°33 S"
"202","Leader Left Trib 290",2017 Jan,"536",0,"N","173°15.6 E, 42°33 S","variable","Leader Left Trib 290: 173°15.6 E, 42°33 S"
"203","Leader Left Trib 290",2017 Feb,"536",0,"N","173°15.6 E, 42°33 S","variable","Leader Left Trib 290: 173°15.6 E, 42°33 S"
"204","Leader Left Trib 290",2017 Mar,"536",NA,"N","173°15.6 E, 42°33 S","variable","Leader Left Trib 290: 173°15.6 E, 42°33 S"
"205","Leader Left Trib 290",2017 Apr,"536",NA,"N","173°15.6 E, 42°33 S","variable","Leader Left Trib 290: 173°15.6 E, 42°33 S"
"206","Leader Left Trib 290",2017 May,"536",NA,"N","173°15.6 E, 42°33 S","variable","Leader Left Trib 290: 173°15.6 E, 42°33 S"
"207","Leader Left Trib 290",2017 Jun,"536",NA,"N","173°15.6 E, 42°33 S","variable","Leader Left Trib 290: 173°15.6 E, 42°33 S"
"208","Leader Left Trib 290",2017 Jul,"536",NA,"N","173°15.6 E, 42°33 S","variable","Leader Left Trib 290: 173°15.6 E, 42°33 S"
"209","Leader Left Trib 290",2017 Aug,"536",NA,"N","173°15.6 E, 42°33 S","variable","Leader Left Trib 290: 173°15.6 E, 42°33 S"
"210","Leader Left Trib 290",2017 Sep,"536",NA,"N","173°15.6 E, 42°33 S","variable","Leader Left Trib 290: 173°15.6 E, 42°33 S"
"211","Leader Left Trib 290",2017 Oct,"536",0.1766907,"N","173°15.6 E, 42°33 S","variable","Leader Left Trib 290: 173°15.6 E, 42°33 S"
"212","Leader Left Trib 290",2017 Nov,"536",0.1177936,"N","173°15.6 E, 42°33 S","variable","Leader Left Trib 290: 173°15.6 E, 42°33 S"
"213","Leader Left Trib 290",2017 Dec,"536",0.058897,"N","173°15.6 E, 42°33 S","variable","Leader Left Trib 290: 173°15.6 E, 42°33 S"
"214","Leader Left Trib 290",2018 Jan,"536",0.2355875,"N","173°15.6 E, 42°33 S","variable","Leader Left Trib 290: 173°15.6 E, 42°33 S"
"215","Leader Left Trib 290",2018 Feb,"536",0.2871224,"N","173°15.6 E, 42°33 S","variable","Leader Left Trib 290: 173°15.6 E, 42°33 S"
"216","Leader Left Trib 290",2018 Mar,"536",0.3460191,"N","173°15.6 E, 42°33 S","variable","Leader Left Trib 290: 173°15.6 E, 42°33 S"
"217","Leader Left Trib 290",2018 Apr,"536",NA,"N","173°15.6 E, 42°33 S","variable","Leader Left Trib 290: 173°15.6 E, 42°33 S"
"218","Leader Left Trib 290",2018 May,"536",NA,"N","173°15.6 E, 42°33 S","variable","Leader Left Trib 290: 173°15.6 E, 42°33 S"
"219","Leader Left Trib 290",2018 Jun,"536",NA,"N","173°15.6 E, 42°33 S","variable","Leader Left Trib 290: 173°15.6 E, 42°33 S"
"220","Leader Left Trib 290",2018 Jul,"536",NA,"N","173°15.6 E, 42°33 S","variable","Leader Left Trib 290: 173°15.6 E, 42°33 S"
"221","Leader Left Trib 290",2018 Aug,"536",NA,"N","173°15.6 E, 42°33 S","variable","Leader Left Trib 290: 173°15.6 E, 42°33 S"
"222","Leader Left Trib 290",2018 Sep,"536",NA,"N","173°15.6 E, 42°33 S","variable","Leader Left Trib 290: 173°15.6 E, 42°33 S"
"223","Leader Left Trib 290",2018 Oct,"536",0.0441728,"N","173°15.6 E, 42°33 S","variable","Leader Left Trib 290: 173°15.6 E, 42°33 S"
"224","Leader Left Trib 290",2018 Nov,"536",0.331295,"N","173°15.6 E, 42°33 S","variable","Leader Left Trib 290: 173°15.6 E, 42°33 S"
"225","Leader Left Trib 290",2018 Dec,"536",NA,"N","173°15.6 E, 42°33 S","variable","Leader Left Trib 290: 173°15.6 E, 42°33 S"
"226","Leader Left Trib 290",2019 Jan,"536",0.0441727,"N","173°15.6 E, 42°33 S","variable","Leader Left Trib 290: 173°15.6 E, 42°33 S"
"227","Leader Left Trib 290",2019 Feb,"536",0,"N","173°15.6 E, 42°33 S","variable","Leader Left Trib 290: 173°15.6 E, 42°33 S"
"228","Leader Left Trib 290",2019 Mar,"536",0.1030696,"N","173°15.6 E, 42°33 S","variable","Leader Left Trib 290: 173°15.6 E, 42°33 S"
"229","Leader Left Trib 290",2019 Apr,"536",NA,"N","173°15.6 E, 42°33 S","variable","Leader Left Trib 290: 173°15.6 E, 42°33 S"
"230","Leader Left Trib 290",2019 May,"536",NA,"N","173°15.6 E, 42°33 S","variable","Leader Left Trib 290: 173°15.6 E, 42°33 S"
"231","Leader Left Trib 290",2019 Jun,"536",NA,"N","173°15.6 E, 42°33 S","variable","Leader Left Trib 290: 173°15.6 E, 42°33 S"
"232","Leader Left Trib 290",2019 Jul,"536",NA,"N","173°15.6 E, 42°33 S","variable","Leader Left Trib 290: 173°15.6 E, 42°33 S"
"233","Leader Left Trib 290",2019 Aug,"536",NA,"N","173°15.6 E, 42°33 S","variable","Leader Left Trib 290: 173°15.6 E, 42°33 S"
"234","Leader Left Trib 290",2019 Sep,"536",NA,"N","173°15.6 E, 42°33 S","variable","Leader Left Trib 290: 173°15.6 E, 42°33 S"
"235","Leader Left Trib 290",2019 Oct,"536",NA,"N","173°15.6 E, 42°33 S","variable","Leader Left Trib 290: 173°15.6 E, 42°33 S"
"236","Leader Left Trib 290",2019 Nov,"536",NA,"N","173°15.6 E, 42°33 S","variable","Leader Left Trib 290: 173°15.6 E, 42°33 S"
"237","Leader Left Trib 290",2019 Dec,"536",NA,"N","173°15.6 E, 42°33 S","variable","Leader Left Trib 290: 173°15.6 E, 42°33 S"
"238","Leader Left Trib 290",2020 Jan,"536",0.0294485,"N","173°15.6 E, 42°33 S","variable","Leader Left Trib 290: 173°15.6 E, 42°33 S"
"239","Leader Left Trib 290",2020 Feb,"536",0.0294485,"N","173°15.6 E, 42°33 S","variable","Leader Left Trib 290: 173°15.6 E, 42°33 S"
"240","Leader Left Trib 290",2020 Mar,"536",0,"N","173°15.6 E, 42°33 S","variable","Leader Left Trib 290: 173°15.6 E, 42°33 S"
"241","Linton 340",2016 Dec,"540",0.1846466,"Y","173°28.2 E, 42°21 S","variable","Linton 340 (Key dam): 173°28.2 E, 42°21 S"
"242","Linton 340",2017 Jan,"540",0.1698748,"Y","173°28.2 E, 42°21 S","variable","Linton 340 (Key dam): 173°28.2 E, 42°21 S"
"243","Linton 340",2017 Feb,"540",0.0443152,"Y","173°28.2 E, 42°21 S","variable","Linton 340 (Key dam): 173°28.2 E, 42°21 S"
"244","Linton 340",2017 Mar,"540",NA,"Y","173°28.2 E, 42°21 S","variable","Linton 340 (Key dam): 173°28.2 E, 42°21 S"
"245","Linton 340",2017 Apr,"540",NA,"Y","173°28.2 E, 42°21 S","variable","Linton 340 (Key dam): 173°28.2 E, 42°21 S"
"246","Linton 340",2017 May,"540",NA,"Y","173°28.2 E, 42°21 S","variable","Linton 340 (Key dam): 173°28.2 E, 42°21 S"
"247","Linton 340",2017 Jun,"540",NA,"Y","173°28.2 E, 42°21 S","variable","Linton 340 (Key dam): 173°28.2 E, 42°21 S"
"248","Linton 340",2017 Jul,"540",NA,"Y","173°28.2 E, 42°21 S","variable","Linton 340 (Key dam): 173°28.2 E, 42°21 S"
"249","Linton 340",2017 Aug,"540",NA,"Y","173°28.2 E, 42°21 S","variable","Linton 340 (Key dam): 173°28.2 E, 42°21 S"
"250","Linton 340",2017 Sep,"540",NA,"Y","173°28.2 E, 42°21 S","variable","Linton 340 (Key dam): 173°28.2 E, 42°21 S"
"251","Linton 340",2017 Oct,"540",0,"Y","173°28.2 E, 42°21 S","variable","Linton 340 (Key dam): 173°28.2 E, 42°21 S"
"252","Linton 340",2017 Nov,"540",0,"Y","173°28.2 E, 42°21 S","variable","Linton 340 (Key dam): 173°28.2 E, 42°21 S"
"253","Linton 340",2017 Dec,"540",0,"Y","173°28.2 E, 42°21 S","variable","Linton 340 (Key dam): 173°28.2 E, 42°21 S"
"254","Linton 340",2018 Jan,"540",0,"Y","173°28.2 E, 42°21 S","variable","Linton 340 (Key dam): 173°28.2 E, 42°21 S"
"255","Linton 340",2018 Feb,"540",0.0738586,"Y","173°28.2 E, 42°21 S","variable","Linton 340 (Key dam): 173°28.2 E, 42°21 S"
"256","Linton 340",2018 Mar,"540",0,"Y","173°28.2 E, 42°21 S","variable","Linton 340 (Key dam): 173°28.2 E, 42°21 S"
"257","Linton 340",2018 Apr,"540",NA,"Y","173°28.2 E, 42°21 S","variable","Linton 340 (Key dam): 173°28.2 E, 42°21 S"
"258","Linton 340",2018 May,"540",NA,"Y","173°28.2 E, 42°21 S","variable","Linton 340 (Key dam): 173°28.2 E, 42°21 S"
"259","Linton 340",2018 Jun,"540",NA,"Y","173°28.2 E, 42°21 S","variable","Linton 340 (Key dam): 173°28.2 E, 42°21 S"
"260","Linton 340",2018 Jul,"540",NA,"Y","173°28.2 E, 42°21 S","variable","Linton 340 (Key dam): 173°28.2 E, 42°21 S"
"261","Linton 340",2018 Aug,"540",NA,"Y","173°28.2 E, 42°21 S","variable","Linton 340 (Key dam): 173°28.2 E, 42°21 S"
"262","Linton 340",2018 Sep,"540",NA,"Y","173°28.2 E, 42°21 S","variable","Linton 340 (Key dam): 173°28.2 E, 42°21 S"
"263","Linton 340",2018 Oct,"540",0,"Y","173°28.2 E, 42°21 S","variable","Linton 340 (Key dam): 173°28.2 E, 42°21 S"
"264","Linton 340",2018 Nov,"540",0,"Y","173°28.2 E, 42°21 S","variable","Linton 340 (Key dam): 173°28.2 E, 42°21 S"
"265","Linton 340",2018 Dec,"540",NA,"Y","173°28.2 E, 42°21 S","variable","Linton 340 (Key dam): 173°28.2 E, 42°21 S"
"266","Linton 340",2019 Jan,"540",0,"Y","173°28.2 E, 42°21 S","variable","Linton 340 (Key dam): 173°28.2 E, 42°21 S"
"267","Linton 340",2019 Feb,"540",0,"Y","173°28.2 E, 42°21 S","variable","Linton 340 (Key dam): 173°28.2 E, 42°21 S"
"268","Linton 340",2019 Mar,"540",0,"Y","173°28.2 E, 42°21 S","variable","Linton 340 (Key dam): 173°28.2 E, 42°21 S"
"269","Linton 340",2019 Apr,"540",NA,"Y","173°28.2 E, 42°21 S","variable","Linton 340 (Key dam): 173°28.2 E, 42°21 S"
"270","Linton 340",2019 May,"540",NA,"Y","173°28.2 E, 42°21 S","variable","Linton 340 (Key dam): 173°28.2 E, 42°21 S"
"271","Linton 340",2019 Jun,"540",NA,"Y","173°28.2 E, 42°21 S","variable","Linton 340 (Key dam): 173°28.2 E, 42°21 S"
"272","Linton 340",2019 Jul,"540",NA,"Y","173°28.2 E, 42°21 S","variable","Linton 340 (Key dam): 173°28.2 E, 42°21 S"
"273","Linton 340",2019 Aug,"540",NA,"Y","173°28.2 E, 42°21 S","variable","Linton 340 (Key dam): 173°28.2 E, 42°21 S"
"274","Linton 340",2019 Sep,"540",NA,"Y","173°28.2 E, 42°21 S","variable","Linton 340 (Key dam): 173°28.2 E, 42°21 S"
"275","Linton 340",2019 Oct,"540",NA,"Y","173°28.2 E, 42°21 S","variable","Linton 340 (Key dam): 173°28.2 E, 42°21 S"
"276","Linton 340",2019 Nov,"540",NA,"Y","173°28.2 E, 42°21 S","variable","Linton 340 (Key dam): 173°28.2 E, 42°21 S"
"277","Linton 340",2019 Dec,"540",NA,"Y","173°28.2 E, 42°21 S","variable","Linton 340 (Key dam): 173°28.2 E, 42°21 S"
"278","Linton 340",2020 Jan,"540",0,"Y","173°28.2 E, 42°21 S","variable","Linton 340 (Key dam): 173°28.2 E, 42°21 S"
"279","Linton 340",2020 Feb,"540",0,"Y","173°28.2 E, 42°21 S","variable","Linton 340 (Key dam): 173°28.2 E, 42°21 S"
"280","Linton 340",2020 Mar,"540",0,"Y","173°28.2 E, 42°21 S","variable","Linton 340 (Key dam): 173°28.2 E, 42°21 S"
"281","Stanton 200",2016 Dec,"563",1.8834608,"Y","173°9.6 E, 42°36 S","variable","Stanton 200 (Key dam): 173°9.6 E, 42°36 S"
"282","Stanton 200",2017 Jan,"563",1.6774573,"Y","173°9.6 E, 42°36 S","variable","Stanton 200 (Key dam): 173°9.6 E, 42°36 S"
"283","Stanton 200",2017 Feb,"563",1.397882,"Y","173°9.6 E, 42°36 S","variable","Stanton 200 (Key dam): 173°9.6 E, 42°36 S"
"284","Stanton 200",2017 Mar,"563",NA,"Y","173°9.6 E, 42°36 S","variable","Stanton 200 (Key dam): 173°9.6 E, 42°36 S"
"285","Stanton 200",2017 Apr,"563",NA,"Y","173°9.6 E, 42°36 S","variable","Stanton 200 (Key dam): 173°9.6 E, 42°36 S"
"286","Stanton 200",2017 May,"563",NA,"Y","173°9.6 E, 42°36 S","variable","Stanton 200 (Key dam): 173°9.6 E, 42°36 S"
"287","Stanton 200",2017 Jun,"563",NA,"Y","173°9.6 E, 42°36 S","variable","Stanton 200 (Key dam): 173°9.6 E, 42°36 S"
"288","Stanton 200",2017 Jul,"563",NA,"Y","173°9.6 E, 42°36 S","variable","Stanton 200 (Key dam): 173°9.6 E, 42°36 S"
"289","Stanton 200",2017 Aug,"563",NA,"Y","173°9.6 E, 42°36 S","variable","Stanton 200 (Key dam): 173°9.6 E, 42°36 S"
"290","Stanton 200",2017 Sep,"563",NA,"Y","173°9.6 E, 42°36 S","variable","Stanton 200 (Key dam): 173°9.6 E, 42°36 S"
"291","Stanton 200",2017 Oct,"563",0.2869273,"Y","173°9.6 E, 42°36 S","variable","Stanton 200 (Key dam): 173°9.6 E, 42°36 S"
"292","Stanton 200",2017 Nov,"563",0.1692132,"Y","173°9.6 E, 42°36 S","variable","Stanton 200 (Key dam): 173°9.6 E, 42°36 S"
"293","Stanton 200",2017 Dec,"563",0.1324266,"Y","173°9.6 E, 42°36 S","variable","Stanton 200 (Key dam): 173°9.6 E, 42°36 S"
"294","Stanton 200",2018 Jan,"563",0.2869273,"Y","173°9.6 E, 42°36 S","variable","Stanton 200 (Key dam): 173°9.6 E, 42°36 S"
"295","Stanton 200",2018 Feb,"563",0.3310709,"Y","173°9.6 E, 42°36 S","variable","Stanton 200 (Key dam): 173°9.6 E, 42°36 S"
"296","Stanton 200",2018 Mar,"563",0.3310709,"Y","173°9.6 E, 42°36 S","variable","Stanton 200 (Key dam): 173°9.6 E, 42°36 S"
"297","Stanton 200",2018 Apr,"563",NA,"Y","173°9.6 E, 42°36 S","variable","Stanton 200 (Key dam): 173°9.6 E, 42°36 S"
"298","Stanton 200",2018 May,"563",NA,"Y","173°9.6 E, 42°36 S","variable","Stanton 200 (Key dam): 173°9.6 E, 42°36 S"
"299","Stanton 200",2018 Jun,"563",NA,"Y","173°9.6 E, 42°36 S","variable","Stanton 200 (Key dam): 173°9.6 E, 42°36 S"
"300","Stanton 200",2018 Jul,"563",NA,"Y","173°9.6 E, 42°36 S","variable","Stanton 200 (Key dam): 173°9.6 E, 42°36 S"
"301","Stanton 200",2018 Aug,"563",NA,"Y","173°9.6 E, 42°36 S","variable","Stanton 200 (Key dam): 173°9.6 E, 42°36 S"
"302","Stanton 200",2018 Sep,"563",NA,"Y","173°9.6 E, 42°36 S","variable","Stanton 200 (Key dam): 173°9.6 E, 42°36 S"
"303","Stanton 200",2018 Oct,"563",0.2354249,"Y","173°9.6 E, 42°36 S","variable","Stanton 200 (Key dam): 173°9.6 E, 42°36 S"
"304","Stanton 200",2018 Nov,"563",0.4193538,"Y","173°9.6 E, 42°36 S","variable","Stanton 200 (Key dam): 173°9.6 E, 42°36 S"
"305","Stanton 200",2018 Dec,"563",NA,"Y","173°9.6 E, 42°36 S","variable","Stanton 200 (Key dam): 173°9.6 E, 42°36 S"
"306","Stanton 200",2019 Jan,"563",0.1765686,"Y","173°9.6 E, 42°36 S","variable","Stanton 200 (Key dam): 173°9.6 E, 42°36 S"
"307","Stanton 200",2019 Feb,"563",0.1765686,"Y","173°9.6 E, 42°36 S","variable","Stanton 200 (Key dam): 173°9.6 E, 42°36 S"
"308","Stanton 200",2019 Mar,"563",0,"Y","173°9.6 E, 42°36 S","variable","Stanton 200 (Key dam): 173°9.6 E, 42°36 S"
"309","Stanton 200",2019 Apr,"563",NA,"Y","173°9.6 E, 42°36 S","variable","Stanton 200 (Key dam): 173°9.6 E, 42°36 S"
"310","Stanton 200",2019 May,"563",NA,"Y","173°9.6 E, 42°36 S","variable","Stanton 200 (Key dam): 173°9.6 E, 42°36 S"
"311","Stanton 200",2019 Jun,"563",NA,"Y","173°9.6 E, 42°36 S","variable","Stanton 200 (Key dam): 173°9.6 E, 42°36 S"
"312","Stanton 200",2019 Jul,"563",NA,"Y","173°9.6 E, 42°36 S","variable","Stanton 200 (Key dam): 173°9.6 E, 42°36 S"
"313","Stanton 200",2019 Aug,"563",NA,"Y","173°9.6 E, 42°36 S","variable","Stanton 200 (Key dam): 173°9.6 E, 42°36 S"
"314","Stanton 200",2019 Sep,"563",NA,"Y","173°9.6 E, 42°36 S","variable","Stanton 200 (Key dam): 173°9.6 E, 42°36 S"
"315","Stanton 200",2019 Oct,"563",NA,"Y","173°9.6 E, 42°36 S","variable","Stanton 200 (Key dam): 173°9.6 E, 42°36 S"
"316","Stanton 200",2019 Nov,"563",NA,"Y","173°9.6 E, 42°36 S","variable","Stanton 200 (Key dam): 173°9.6 E, 42°36 S"
"317","Stanton 200",2019 Dec,"563",NA,"Y","173°9.6 E, 42°36 S","variable","Stanton 200 (Key dam): 173°9.6 E, 42°36 S"
"318","Stanton 200",2020 Jan,"563",0,"Y","173°9.6 E, 42°36 S","variable","Stanton 200 (Key dam): 173°9.6 E, 42°36 S"
"319","Stanton 200",2020 Feb,"563",0,"Y","173°9.6 E, 42°36 S","variable","Stanton 200 (Key dam): 173°9.6 E, 42°36 S"
"320","Stanton 200",2020 Mar,"563",0,"Y","173°9.6 E, 42°36 S","variable","Stanton 200 (Key dam): 173°9.6 E, 42°36 S"
"321","Stanton East Trib 160",2016 Dec,"569",0.0220633,"N","173°11.4 E, 42°37.2 S","variable","Stanton East Trib 160: 173°11.4 E, 42°37.2 S"
"322","Stanton East Trib 160",2017 Jan,"569",0,"N","173°11.4 E, 42°37.2 S","variable","Stanton East Trib 160: 173°11.4 E, 42°37.2 S"
"323","Stanton East Trib 160",2017 Feb,"569",0.0441266,"N","173°11.4 E, 42°37.2 S","variable","Stanton East Trib 160: 173°11.4 E, 42°37.2 S"
"324","Stanton East Trib 160",2017 Mar,"569",NA,"N","173°11.4 E, 42°37.2 S","variable","Stanton East Trib 160: 173°11.4 E, 42°37.2 S"
"325","Stanton East Trib 160",2017 Apr,"569",NA,"N","173°11.4 E, 42°37.2 S","variable","Stanton East Trib 160: 173°11.4 E, 42°37.2 S"
"326","Stanton East Trib 160",2017 May,"569",NA,"N","173°11.4 E, 42°37.2 S","variable","Stanton East Trib 160: 173°11.4 E, 42°37.2 S"
"327","Stanton East Trib 160",2017 Jun,"569",NA,"N","173°11.4 E, 42°37.2 S","variable","Stanton East Trib 160: 173°11.4 E, 42°37.2 S"
"328","Stanton East Trib 160",2017 Jul,"569",NA,"N","173°11.4 E, 42°37.2 S","variable","Stanton East Trib 160: 173°11.4 E, 42°37.2 S"
"329","Stanton East Trib 160",2017 Aug,"569",NA,"N","173°11.4 E, 42°37.2 S","variable","Stanton East Trib 160: 173°11.4 E, 42°37.2 S"
"330","Stanton East Trib 160",2017 Sep,"569",NA,"N","173°11.4 E, 42°37.2 S","variable","Stanton East Trib 160: 173°11.4 E, 42°37.2 S"
"331","Stanton East Trib 160",2017 Oct,"569",0.2868224,"N","173°11.4 E, 42°37.2 S","variable","Stanton East Trib 160: 173°11.4 E, 42°37.2 S"
"332","Stanton East Trib 160",2017 Nov,"569",0.0441266,"N","173°11.4 E, 42°37.2 S","variable","Stanton East Trib 160: 173°11.4 E, 42°37.2 S"
"333","Stanton East Trib 160",2017 Dec,"569",0.2206325,"N","173°11.4 E, 42°37.2 S","variable","Stanton East Trib 160: 173°11.4 E, 42°37.2 S"
"334","Stanton East Trib 160",2018 Jan,"569",0.2059238,"N","173°11.4 E, 42°37.2 S","variable","Stanton East Trib 160: 173°11.4 E, 42°37.2 S"
"335","Stanton East Trib 160",2018 Feb,"569",0.3162401,"N","173°11.4 E, 42°37.2 S","variable","Stanton East Trib 160: 173°11.4 E, 42°37.2 S"
"336","Stanton East Trib 160",2018 Mar,"569",0.2794681,"N","173°11.4 E, 42°37.2 S","variable","Stanton East Trib 160: 173°11.4 E, 42°37.2 S"
"337","Stanton East Trib 160",2018 Apr,"569",NA,"N","173°11.4 E, 42°37.2 S","variable","Stanton East Trib 160: 173°11.4 E, 42°37.2 S"
"338","Stanton East Trib 160",2018 May,"569",NA,"N","173°11.4 E, 42°37.2 S","variable","Stanton East Trib 160: 173°11.4 E, 42°37.2 S"
"339","Stanton East Trib 160",2018 Jun,"569",NA,"N","173°11.4 E, 42°37.2 S","variable","Stanton East Trib 160: 173°11.4 E, 42°37.2 S"
"340","Stanton East Trib 160",2018 Jul,"569",NA,"N","173°11.4 E, 42°37.2 S","variable","Stanton East Trib 160: 173°11.4 E, 42°37.2 S"
"341","Stanton East Trib 160",2018 Aug,"569",NA,"N","173°11.4 E, 42°37.2 S","variable","Stanton East Trib 160: 173°11.4 E, 42°37.2 S"
"342","Stanton East Trib 160",2018 Sep,"569",NA,"N","173°11.4 E, 42°37.2 S","variable","Stanton East Trib 160: 173°11.4 E, 42°37.2 S"
"343","Stanton East Trib 160",2018 Oct,"569",0.0220633,"N","173°11.4 E, 42°37.2 S","variable","Stanton East Trib 160: 173°11.4 E, 42°37.2 S"
"344","Stanton East Trib 160",2018 Nov,"569",0.2868224,"N","173°11.4 E, 42°37.2 S","variable","Stanton East Trib 160: 173°11.4 E, 42°37.2 S"
"345","Stanton East Trib 160",2018 Dec,"569",NA,"N","173°11.4 E, 42°37.2 S","variable","Stanton East Trib 160: 173°11.4 E, 42°37.2 S"
"346","Stanton East Trib 160",2019 Jan,"569",0,"N","173°11.4 E, 42°37.2 S","variable","Stanton East Trib 160: 173°11.4 E, 42°37.2 S"
"347","Stanton East Trib 160",2019 Feb,"569",0.0882532,"N","173°11.4 E, 42°37.2 S","variable","Stanton East Trib 160: 173°11.4 E, 42°37.2 S"
"348","Stanton East Trib 160",2019 Mar,"569",0.1176709,"N","173°11.4 E, 42°37.2 S","variable","Stanton East Trib 160: 173°11.4 E, 42°37.2 S"
"349","Stanton East Trib 160",2019 Apr,"569",NA,"N","173°11.4 E, 42°37.2 S","variable","Stanton East Trib 160: 173°11.4 E, 42°37.2 S"
"350","Stanton East Trib 160",2019 May,"569",NA,"N","173°11.4 E, 42°37.2 S","variable","Stanton East Trib 160: 173°11.4 E, 42°37.2 S"
"351","Stanton East Trib 160",2019 Jun,"569",NA,"N","173°11.4 E, 42°37.2 S","variable","Stanton East Trib 160: 173°11.4 E, 42°37.2 S"
"352","Stanton East Trib 160",2019 Jul,"569",NA,"N","173°11.4 E, 42°37.2 S","variable","Stanton East Trib 160: 173°11.4 E, 42°37.2 S"
"353","Stanton East Trib 160",2019 Aug,"569",NA,"N","173°11.4 E, 42°37.2 S","variable","Stanton East Trib 160: 173°11.4 E, 42°37.2 S"
"354","Stanton East Trib 160",2019 Sep,"569",NA,"N","173°11.4 E, 42°37.2 S","variable","Stanton East Trib 160: 173°11.4 E, 42°37.2 S"
"355","Stanton East Trib 160",2019 Oct,"569",NA,"N","173°11.4 E, 42°37.2 S","variable","Stanton East Trib 160: 173°11.4 E, 42°37.2 S"
"356","Stanton East Trib 160",2019 Nov,"569",NA,"N","173°11.4 E, 42°37.2 S","variable","Stanton East Trib 160: 173°11.4 E, 42°37.2 S"
"357","Stanton East Trib 160",2019 Dec,"569",NA,"N","173°11.4 E, 42°37.2 S","variable","Stanton East Trib 160: 173°11.4 E, 42°37.2 S"
"358","Stanton East Trib 160",2020 Jan,"569",0,"N","173°11.4 E, 42°37.2 S","variable","Stanton East Trib 160: 173°11.4 E, 42°37.2 S"
"359","Stanton East Trib 160",2020 Feb,"569",0,"N","173°11.4 E, 42°37.2 S","variable","Stanton East Trib 160: 173°11.4 E, 42°37.2 S"
"360","Stanton East Trib 160",2020 Mar,"569",0,"N","173°11.4 E, 42°37.2 S","variable","Stanton East Trib 160: 173°11.4 E, 42°37.2 S"
"361","Stanton Left Trib 200",2016 Dec,"574",0,"N","173°10.8 E, 42°36 S","variable","Stanton Left Trib 200: 173°10.8 E, 42°36 S"
"362","Stanton Left Trib 200",2017 Jan,"574",0,"N","173°10.8 E, 42°36 S","variable","Stanton Left Trib 200: 173°10.8 E, 42°36 S"
"363","Stanton Left Trib 200",2017 Feb,"574",0,"N","173°10.8 E, 42°36 S","variable","Stanton Left Trib 200: 173°10.8 E, 42°36 S"
"364","Stanton Left Trib 200",2017 Mar,"574",NA,"N","173°10.8 E, 42°36 S","variable","Stanton Left Trib 200: 173°10.8 E, 42°36 S"
"365","Stanton Left Trib 200",2017 Apr,"574",NA,"N","173°10.8 E, 42°36 S","variable","Stanton Left Trib 200: 173°10.8 E, 42°36 S"
"366","Stanton Left Trib 200",2017 May,"574",NA,"N","173°10.8 E, 42°36 S","variable","Stanton Left Trib 200: 173°10.8 E, 42°36 S"
"367","Stanton Left Trib 200",2017 Jun,"574",NA,"N","173°10.8 E, 42°36 S","variable","Stanton Left Trib 200: 173°10.8 E, 42°36 S"
"368","Stanton Left Trib 200",2017 Jul,"574",NA,"N","173°10.8 E, 42°36 S","variable","Stanton Left Trib 200: 173°10.8 E, 42°36 S"
"369","Stanton Left Trib 200",2017 Aug,"574",NA,"N","173°10.8 E, 42°36 S","variable","Stanton Left Trib 200: 173°10.8 E, 42°36 S"
"370","Stanton Left Trib 200",2017 Sep,"574",NA,"N","173°10.8 E, 42°36 S","variable","Stanton Left Trib 200: 173°10.8 E, 42°36 S"
"371","Stanton Left Trib 200",2017 Oct,"574",1.8243745,"N","173°10.8 E, 42°36 S","variable","Stanton Left Trib 200: 173°10.8 E, 42°36 S"
"372","Stanton Left Trib 200",2017 Nov,"574",1.4050574,"N","173°10.8 E, 42°36 S","variable","Stanton Left Trib 200: 173°10.8 E, 42°36 S"
"373","Stanton Left Trib 200",2017 Dec,"574",1.3756348,"N","173°10.8 E, 42°36 S","variable","Stanton Left Trib 200: 173°10.8 E, 42°36 S"
"374","Stanton Left Trib 200",2018 Jan,"574",1.8537984,"N","173°10.8 E, 42°36 S","variable","Stanton Left Trib 200: 173°10.8 E, 42°36 S"
"375","Stanton Left Trib 200",2018 Feb,"574",1.8170167,"N","173°10.8 E, 42°36 S","variable","Stanton Left Trib 200: 173°10.8 E, 42°36 S"
"376","Stanton Left Trib 200",2018 Mar,"574",1.7213842,"N","173°10.8 E, 42°36 S","variable","Stanton Left Trib 200: 173°10.8 E, 42°36 S"
"377","Stanton Left Trib 200",2018 Apr,"574",NA,"N","173°10.8 E, 42°36 S","variable","Stanton Left Trib 200: 173°10.8 E, 42°36 S"
"378","Stanton Left Trib 200",2018 May,"574",NA,"N","173°10.8 E, 42°36 S","variable","Stanton Left Trib 200: 173°10.8 E, 42°36 S"
"379","Stanton Left Trib 200",2018 Jun,"574",NA,"N","173°10.8 E, 42°36 S","variable","Stanton Left Trib 200: 173°10.8 E, 42°36 S"
"380","Stanton Left Trib 200",2018 Jul,"574",NA,"N","173°10.8 E, 42°36 S","variable","Stanton Left Trib 200: 173°10.8 E, 42°36 S"
"381","Stanton Left Trib 200",2018 Aug,"574",NA,"N","173°10.8 E, 42°36 S","variable","Stanton Left Trib 200: 173°10.8 E, 42°36 S"
"382","Stanton Left Trib 200",2018 Sep,"574",NA,"N","173°10.8 E, 42°36 S","variable","Stanton Left Trib 200: 173°10.8 E, 42°36 S"
"383","Stanton Left Trib 200",2018 Oct,"574",0.4413795,"N","173°10.8 E, 42°36 S","variable","Stanton Left Trib 200: 173°10.8 E, 42°36 S"
"384","Stanton Left Trib 200",2018 Nov,"574",0.0147126,"N","173°10.8 E, 42°36 S","variable","Stanton Left Trib 200: 173°10.8 E, 42°36 S"
"385","Stanton Left Trib 200",2018 Dec,"574",NA,"N","173°10.8 E, 42°36 S","variable","Stanton Left Trib 200: 173°10.8 E, 42°36 S"
"386","Stanton Left Trib 200",2019 Jan,"574",0.4634489,"N","173°10.8 E, 42°36 S","variable","Stanton Left Trib 200: 173°10.8 E, 42°36 S"
"387","Stanton Left Trib 200",2019 Feb,"574",0.5517252,"N","173°10.8 E, 42°36 S","variable","Stanton Left Trib 200: 173°10.8 E, 42°36 S"
"388","Stanton Left Trib 200",2019 Mar,"574",0.360459,"N","173°10.8 E, 42°36 S","variable","Stanton Left Trib 200: 173°10.8 E, 42°36 S"
"389","Stanton Left Trib 200",2019 Apr,"574",NA,"N","173°10.8 E, 42°36 S","variable","Stanton Left Trib 200: 173°10.8 E, 42°36 S"
"390","Stanton Left Trib 200",2019 May,"574",NA,"N","173°10.8 E, 42°36 S","variable","Stanton Left Trib 200: 173°10.8 E, 42°36 S"
"391","Stanton Left Trib 200",2019 Jun,"574",NA,"N","173°10.8 E, 42°36 S","variable","Stanton Left Trib 200: 173°10.8 E, 42°36 S"
"392","Stanton Left Trib 200",2019 Jul,"574",NA,"N","173°10.8 E, 42°36 S","variable","Stanton Left Trib 200: 173°10.8 E, 42°36 S"
"393","Stanton Left Trib 200",2019 Aug,"574",NA,"N","173°10.8 E, 42°36 S","variable","Stanton Left Trib 200: 173°10.8 E, 42°36 S"
"394","Stanton Left Trib 200",2019 Sep,"574",NA,"N","173°10.8 E, 42°36 S","variable","Stanton Left Trib 200: 173°10.8 E, 42°36 S"
"395","Stanton Left Trib 200",2019 Oct,"574",NA,"N","173°10.8 E, 42°36 S","variable","Stanton Left Trib 200: 173°10.8 E, 42°36 S"
"396","Stanton Left Trib 200",2019 Nov,"574",NA,"N","173°10.8 E, 42°36 S","variable","Stanton Left Trib 200: 173°10.8 E, 42°36 S"
"397","Stanton Left Trib 200",2019 Dec,"574",NA,"N","173°10.8 E, 42°36 S","variable","Stanton Left Trib 200: 173°10.8 E, 42°36 S"
"398","Stanton Left Trib 200",2020 Jan,"574",1.4050621,"N","173°10.8 E, 42°36 S","variable","Stanton Left Trib 200: 173°10.8 E, 42°36 S"
"399","Stanton Left Trib 200",2020 Feb,"574",1.6698902,"N","173°10.8 E, 42°36 S","variable","Stanton Left Trib 200: 173°10.8 E, 42°36 S"
"400","Stanton Left Trib 200",2020 Mar,"574",1.2873563,"N","173°10.8 E, 42°36 S","variable","Stanton Left Trib 200: 173°10.8 E, 42°36 S"
